"Nom","Description","Propri√©taire","# d'enregistrement"
"quis","magna, malesuada vel, convallis","Gareth Love","998A0C09-0DD6-18BC-7087-6716574E506D"
"consequat","sapien imperdiet ornare. In faucibus. Morbi","Abel Mclaughlin","91109893-95B2-94CF-AB56-B3DFABE0E603"
"metus.","sed, est. Nunc laoreet lectus","Florence Estrada","0435C106-7DDE-C89B-B815-03AE77C1A60C"
"sapien.","aliquet diam. Sed diam lorem, auctor quis, tristique ac, eleifend","Sloane Mullins","E8651243-5676-85B8-DB1C-D1DD51E56A1C"
"Sed","mi lacinia mattis. Integer eu lacus. Quisque imperdiet, erat nonummy","Derek Baldwin","CFDC5058-1DC4-7B4E-0D0A-76D8E70B4048"
"erat,","velit egestas","Quinlan Woodward","7FFD5D7E-489A-922E-519E-F3AF5EBA4EE8"
"Nunc","in lobortis tellus justo sit amet nulla.","Chava Kidd","6F616962-02DC-44BF-3708-A91873ECB7C9"
"fringilla","posuere vulputate, lacus. Cras","Tamara Salinas","74C8D5E7-E0C1-3235-594E-6D5B716F4CC4"
"arcu.","euismod mauris eu elit. Nulla","Sandra Pace","04956F86-6353-2B5C-4FC5-BD12A235550C"
"ultrices","Nulla eu neque","Jasper Mcleod","89257B68-13E5-96E6-18B1-CD1406D8CA03"
"aliquam","vitae risus. Duis a mi fringilla mi lacinia mattis. Integer","Paloma Vargas","04021264-96C4-18AA-C4EF-54178D02BBD8"
"neque","mollis. Duis sit amet","Ryder Justice","53A6606D-AE5F-88E2-F4F0-BD48DF888C23"
"a,","fames ac turpis","Levi Winters","476035B2-8AC5-0E23-6E91-714B84C3EF6B"
"egestas","In condimentum. Donec at arcu. Vestibulum ante ipsum","Zoe Baird","E360838F-139D-5C14-E755-DBDE833AEBB4"
"accumsan","Proin eget","Miriam Mathews","E4106040-716C-78F6-EE00-309CCEAF3514"
"mi","interdum feugiat. Sed nec metus","Ryan Quinn","8A31883C-95A9-E789-36AD-CC3F5E74B7D2"
"ac","lobortis mauris.","Roth Craig","F982F4A3-3E48-CD93-152C-A0A7C620FB32"
"ipsum","sed orci lobortis augue","Priscilla Fields","EEDD596E-304A-57DB-9FB7-4EACE5C07EDB"
"lectus","placerat, orci lacus vestibulum","Deirdre Gardner","4C4B4EB3-6024-5FDD-F09C-0EF20D504A24"
"turpis","elit.","Sonia Durham","31678FBE-138F-0FF4-1BA9-BEEBBF42AE10"
"pretium","at lacus.","Bert Cooley","9B6E6439-D393-BEF6-BC22-6D6FD40EB4C0"
"Nunc","vel quam dignissim","Tamara Cherry","FE898AFB-F12F-93AF-52C3-2DD9F5E8A9FF"
"arcu.","eros non enim","Mercedes Sharpe","51E918BB-903C-4675-DEC9-E92CAFA6B5FF"
"eu","orci quis lectus. Nullam","Damian Copeland","E9D412DC-5BB0-ACEB-3F52-4E2DCAE393CC"
"sit","aliquet","Brandon Kramer","D7F4DD37-C5B8-996D-3147-228B80167725"
"sed","Nam consequat dolor vitae dolor. Donec fringilla. Donec","Chloe Landry","3DB2BB4A-004A-ED00-D6F2-723CD3A11824"
"lacus.","sapien. Cras dolor","Nicole Blake","1D1AD81B-82A0-9BAE-7990-2565A773ADB9"
"ligula.","Curabitur consequat, lectus","Baxter Wagner","C15DAB77-F1A7-2F54-9454-16A44DB11F79"
"ornare.","odio a purus. Duis elementum, dui quis accumsan convallis, ante","Gregory Lindsey","63F6442B-11EF-4233-E35D-45BF3AB67808"
"Quisque","nulla ante, iaculis nec,","Malcolm Baldwin","81C925CF-2176-ED02-E2EC-C5152B6F8D78"
"dolor.","scelerisque neque. Nullam nisl. Maecenas malesuada","Judah Freeman","F2DAB89E-6896-9894-4E23-CDF9B474C08D"
"et,","fringilla purus mauris a nunc. In","Linda Schneider","4F0C3258-129D-EEB9-237B-AE587824E64B"
"nisi.","Praesent eu dui. Cum sociis natoque","Oprah Roy","12502516-E872-896E-035C-39C6A0644805"
"habitant","Vivamus molestie dapibus ligula. Aliquam","Kelly Suarez","DC43E52B-E85B-A727-6762-CA6831F34988"
"iaculis","tincidunt vehicula","Constance Fox","9F66BDF2-B73B-6C28-8256-A5C3EE106A71"
"Vivamus","enim, condimentum eget, volutpat ornare, facilisis eget, ipsum. Donec sollicitudin","Nigel Dudley","8F5DA656-1A1E-C7CD-9AFD-32BEB593631C"
"dolor","vel pede blandit congue. In scelerisque scelerisque dui. Suspendisse","Igor Lindsey","9089C2C3-BDD4-41F3-0CDF-7191DCCD0B31"
"neque.","In lorem. Donec elementum, lorem ut","Sonia Park","7C0F12FC-0319-B2D5-0118-60D9CADFBE48"
"ut","nec","Malcolm Wells","4F40E6FB-29F1-EABF-F84D-1B5949556036"
"Cum","Mauris eu turpis. Nulla aliquet. Proin","Justin Warner","02589A3E-3654-4819-F0BE-E61758567832"
"dapibus","Duis risus odio, auctor","Zenia Decker","5A916588-5CB3-71D7-39BE-0EA89B3B26C8"
"sit","pede","Delilah Bright","61F5A638-52CB-BDB8-23F3-431D16B19EC5"
"amet","Phasellus vitae mauris sit amet","Shellie Pacheco","D8903D27-8D68-5F7D-A808-D428D4E0ADA4"
"lectus","tellus, imperdiet non, vestibulum nec, euismod in, dolor.","Anjolie Calhoun","BDAE8609-FD90-0E8F-227F-8E81C18C4E97"
"nec","consequat enim diam vel arcu. Curabitur ut odio","Adrienne Perry","4F6B34D7-69E4-7C07-C8F4-799A2390D38A"
"lorem,","dolor sit amet, consectetuer","Yeo Castro","7D5321D5-0046-59C1-A581-8A1C62F22B31"
"lacus.","ornare, lectus ante dictum mi, ac mattis","Desiree Cain","9DC75B0F-5E6F-CD34-00E5-91927459884B"
"faucibus.","ac mattis semper, dui lectus rutrum urna, nec","Maris Marsh","5D038D9E-6123-69AD-D9A8-D70A5EEB6D38"
"magna","nulla. Cras eu","Sylvia Clarke","594BCBC5-8975-118D-3D06-7089C0AF63B9"
"semper","Donec felis orci, adipiscing non, luctus sit","Alika Kinney","F52FAC6E-9411-DE65-2B9B-5525C1CA2F92"
"mollis.","vitae, aliquet nec, imperdiet nec, leo. Morbi neque tellus, imperdiet","Diana Weber","B8A78630-412B-66B5-3544-226F19AB22BC"
"lorem","Aliquam auctor, velit eget laoreet","Elvis Montoya","929E6284-FE08-0F44-6955-120192C4706E"
"lacus.","parturient montes, nascetur ridiculus mus. Donec dignissim magna","Rooney Sears","40DBD713-F1B6-5769-A064-954E86148DD6"
"nulla","vestibulum nec, euismod in, dolor. Fusce feugiat. Lorem ipsum dolor","Hamish Deleon","75E1B769-6B6A-058A-0F9A-1798A9395EA9"
"ultrices","arcu. Aliquam ultrices iaculis odio. Nam interdum enim non","Mufutau Smith","966924FA-20F2-43EA-F70B-8A79B1244D79"
"nec","sit amet diam eu dolor egestas rhoncus. Proin","Stacey Lynch","08CCFBA9-9E99-CB1C-0A61-9C232478656C"
"hendrerit","nec mauris blandit mattis. Cras eget nisi dictum augue malesuada","Silas Diaz","B0710834-8ABB-B379-D617-979603DF7C30"
"convallis","cursus. Integer mollis. Integer tincidunt aliquam","Leroy Moon","FB4ABF36-24E7-1ED7-A5B4-DD5497F1CBAF"
"condimentum","blandit congue. In scelerisque scelerisque dui. Suspendisse ac metus","Brent Byrd","6DCA2DBF-D887-7C61-1912-A22C4D55E5A5"
"mattis.","ultrices posuere cubilia Curae; Phasellus ornare.","Alisa Moody","EFAFDCAF-B09B-74BA-1E40-5C3424CAE7A7"
"lectus","sollicitudin orci","Dorothy Hurley","4EDC4FFD-CB2C-EFA2-945C-2C38F9B1434A"
"Maecenas","eu","Elvis Hickman","FEAB690B-2EE5-4F8F-C15A-0714E584AF1B"
"sit","non","Abigail Schneider","AD716A87-5DD6-7245-24FD-945F9CDCB6B3"
"dapibus","vitae, posuere at, velit. Cras lorem lorem,","Walker Hopper","261AC48F-E352-D769-93A8-783A1A5835F1"
"eget","montes, nascetur ridiculus mus. Donec","Wylie Sherman","05A9796C-A24A-0358-D3C2-C73CC46BF71E"
"Fusce","Etiam ligula tortor, dictum eu, placerat eget, venenatis a,","Gage Dawson","FC3BD401-A722-7558-E47E-D76D8EE1B792"
"cursus","augue id ante dictum cursus. Nunc mauris elit, dictum eu,","Eric Stevens","AE4EB2E2-569A-FD93-CDA0-CDBAE441BD2C"
"Mauris","sem eget massa. Suspendisse eleifend. Cras sed leo. Cras vehicula","Jolie Vazquez","56D90DE8-EE94-D3B1-2A21-D2888141B50B"
"Aliquam","nulla. Donec non justo. Proin","Allistair Browning","7E2F34EE-B5AE-6B20-D533-1B5DAD0FC518"
"egestas.","Cras dictum ultricies ligula. Nullam enim. Sed nulla ante, iaculis","Karen Norman","D2AF001D-BC17-CCFA-D4EE-019E66DEE052"
"tempor","lobortis risus. In mi pede, nonummy ut, molestie in,","Jocelyn Sims","00DC5B9E-DA28-4724-76A6-698734FAD22C"
"diam.","tempus non, lacinia at, iaculis quis, pede. Praesent","Briar Welch","1E8DD5DD-8984-AF09-C1FB-9320E2C53C97"
"tincidunt,","penatibus et magnis","Wang Jacobs","E80A9B2C-B510-DD9F-A42E-126E49EE9CA4"
"mauris","sagittis. Duis gravida. Praesent","Aurelia Gaines","4EF92124-67C7-242C-BBB8-928CAFC14B70"
"nonummy","lacus.","Mary Bradshaw","D7FDF75D-CABB-6815-9D20-56F472FAAA1C"
"Nunc","dictum eleifend, nunc risus varius orci,","Xyla Richard","C6A2BC39-7AD5-7131-4CA3-613CF1F3D6B4"
"enim.","risus. Nulla eget metus eu","Sybil Vaughn","D930E320-78F0-8862-C13D-DB65E88EC817"
"eu,","Donec","Iliana Nolan","1E4F2B53-0B96-622C-FB30-6EE44C25D102"
"orci","felis purus ac tellus. Suspendisse sed dolor. Fusce mi lorem,","Steel Bird","309DB54B-892A-2014-B584-BAD8A8136CCA"
"elit.","elit fermentum risus, at fringilla purus mauris a","Gage Dawson","884F257B-F7E5-B280-6824-CCA1F91CDABC"
"est","mi tempor lorem, eget mollis","Damian Copeland","360AA363-1546-C809-6ECB-A105164A9DE0"
"ipsum","convallis est,","Damian Copeland","4F47E5B4-5AC6-5682-93B8-5C97D8480446"
"faucibus","sit amet luctus","Rooney Sears","571D83AA-6533-025B-7C70-8079B96A3DFB"
"dictum","est arcu ac orci. Ut semper pretium","Abigail Schneider","644C1B03-444F-7E85-7A9A-CCB247132FA5"
"Nullam","libero est, congue a, aliquet","Leroy Moon","1475CD2B-043C-E1B3-A568-DBB2DA15B63D"
"pretium","turpis. Aliquam adipiscing lobortis risus. In mi pede, nonummy","Maris Marsh","F4B2460F-87D6-399A-EAF6-A9C0EBCE976D"
"Aliquam","scelerisque neque. Nullam nisl. Maecenas malesuada","Gage Dawson","3FEC7426-7FE1-4441-51C0-7AD74BC16C9E"
"vulputate,","luctus. Curabitur egestas nunc sed","Sandra Pace","FB99DC58-076A-A435-1C81-5B691E7709E8"
"Sed","Aenean","Levi Winters","95BFAB6D-9BE1-6F97-BE36-E9AE91C7EF2B"
"id","sit amet ante.","Roth Craig","D33BF81A-E924-3EAE-2106-CE5E09CA6557"
"mauris","dolor sit","Linda Schneider","4DA2E42B-720C-BD95-EA13-39E3A1494762"
"Mauris","Suspendisse dui. Fusce diam","Jasper Mcleod","5968DB8D-884C-16CA-F839-067F9A97756A"
"justo.","vulputate, lacus. Cras interdum. Nunc","Mary Bradshaw","E7B2C6E1-FD87-CDF7-F556-FF45E3EF3537"
"est.","semper auctor. Mauris vel turpis. Aliquam","Delilah Bright","4CBE7465-8187-80E4-2767-C5A6831CBC1E"
"lorem,","dolor, nonummy","Derek Baldwin","CDC43E07-60FC-FFB2-A4AB-0894E799EF72"
"a,","Duis cursus, diam","Diana Weber","453D2872-198D-E685-7BA8-9A33C27F8BA1"
"non,","laoreet posuere, enim nisl elementum purus, accumsan interdum","Jasper Mcleod","8EA65596-F516-7BFC-DBF4-E72F38783D7C"
"varius","ornare, elit elit fermentum risus, at fringilla purus mauris","Jocelyn Sims","EF491BFA-D9E3-9829-EFB5-10C5FFD95258"
"consequat","eget odio. Aliquam vulputate ullamcorper","Alisa Moody","0EAAD4BF-C08E-48A0-A2AB-1BEF33047DF9"
"Cras","diam. Pellentesque habitant","Deirdre Gardner","D9393AB6-5353-8013-C2B6-2D7298DCE4A8"
